Country,HCI,EDU,HEALTH,SANI,DEBT,GDP,PNEMO,DIARE
Albania,0.54360294,,4.6022253,43.8438649,4605163642,4114.1349,94,1.356009824
United Arab Emirates,0.62127405,,4.04999352,79.6917076,,32024.1978,12,1.045706488
Argentina,0.58855706,5.531050205,9.45598793,49.756298,1.33695E+11,8225.13758,757,5.173022196
Australia,0.75484377,5.085820198,8.56316471,63.6234566,,42783.3226,37,0.395517581
Austria,0.73778212,5.730249882,10.2258253,99.6489704,,48153.324,6,0.394432369
Azerbaijan,0.49745739,3.224309921,2.6137836,24.5081648,4548547550,4950.29479,2449,18.71502521
Burundi,0.34287551,6.171949863,10.3502188,,607230101.8,212.137057,3474,394.6345388
Belgium,0.75272685,6.458099842,10.3545504,79.131369,,44760.2912,12,0.897797304
Benin,0.36558479,3.089270115,2.82528329,,1325336572,1088.75791,6003,207.6609991
Burkina Faso,0.31972128,,5.08159304,,1939710439,624.175165,13557,367.1155504
Bulgaria,0.63661927,4.274290085,6.59577608,51.4179341,55682965449,6988.23332,167,3.95242769
Bahrain,0.60491228,,4.05684614,79.0974583,,19355.921,5,1.834889025
Brazil,0.53295249,5.463550091,8.39480209,39.4570433,2.81651E+11,8597.79434,10204,31.34406623
Botswana,0.36771211,9.632920265,6.5250082,,1643300883,5255.77653,333,136.0857444
Canada,0.77410376,4.840579987,10.717165,80.4620228,,40876.3102,35,0.602044311
Switzerland,0.76814371,4.89041996,10.0690699,99.6171856,,72083.1677,6,1.001958429
Chile,0.62636,4.230649948,7.20918465,61.2207621,,10208.908,114,1.005310413
Cote d'Ivoire,0.3038381,4.41245985,4.46970177,,14895852333,1689.34476,13197,195.2225156
Cameroon,0.37978294,3.109420061,3.73933601,,3237320907,1411.47457,10767,558.7718565
"Congo, Rep.",0.40927175,,2.14222002,,5051234771,2336.16096,,
Colombia,0.58024949,4.776519775,7.31134653,16.632175,53678222227,5193.24146,1763,12.57383006
Costa Rica,0.59775889,6.010300159,7.86019039,35.7765739,7760168637,6801.03673,36,4.113640576
Cyprus,0.68636197,7.205450058,6.46531582,76.4819643,,32109.2425,1,0.168110269
Czech Republic,0.72696912,4.14605999,7.248806,74.9716717,,19861.6974,,
Germany,0.76074028,4.909510136,11.2375851,96.3856306,,41650.3678,48,0.421963954
Denmark,0.74873841,8.448880196,10.6743202,87.7053432,,58163.2769,5,0.75301154
Algeria,0.5312829,,5.3593955,20.0163763,7414292616,3883.2709,1405,10.71404558
Ecuador,0.52580673,4.342420101,5.6990099,40.9003709,13366010558,4231.61923,1309,17.30843465
"Egypt, Arab Rep.",0.47885305,,4.37870121,58.4138575,35397684322,2331.26884,,
Spain,0.70828557,4.912000179,9.10707188,94.335007,,32169.5029,46,0.562942379
Estonia,0.72566378,5.926519871,6.51218891,92.6793527,,14711.7353,7,0.458031006
Finland,0.81736147,6.459559917,9.16122246,82.3016292,,47481.4845,2,0.267809407
France,0.75689185,,11.2875624,78.9608197,,41740.243,45,0.850370016
United Kingdom,0.7654537,5.076459885,9.8809166,97.9016887,,38952.211,136,0.359496636
Georgia,0.54114884,3.222379923,9.56681633,41.5759855,8672797230,2822.66743,88,3.76950397
"Gambia, The",0.37168971,1.908139944,5.18213415,35.4654749,528190671.7,833.28136,,
Greece,0.71486032,,9.40688515,83.1653361,,29828.756,19,0.141019726
Guatemala,0.44194081,,6.33950901,,14824423718,2651.81712,3791,99.93737179
"Hong Kong SAR, China",0.78090757,4.392129898,,86.0426111,,30697.3404,,
Croatia,0.69329935,4.3917799,8.17583179,78.3982733,,14653.0436,6,0.692641046
Hungary,0.68972987,4.958040237,7.2392807,73.1791096,,13081.7926,27,0.614903847
Indonesia,0.49636143,3.525130033,2.62324095,,1.79405E+11,2261.24731,20473,90.54261605
Ireland,0.76630253,6.146460056,10.5062685,68.4868066,,52133.0906,6,0.600291223
"Iran, Islamic Rep.",0.56432194,3.842449903,6.50478983,,18609984964,5709.94829,,
Iceland,0.75517762,7.189849854,8.77518463,60.5428194,,41301.2732,0,0.355860145
Israel,0.71826905,5.493720055,7.06538868,86.6396076,,27780.4637,18,0.848088138
Italy,0.75026584,4.523719788,8.95162296,95.6890793,,37226.7572,44,0.320519785
Jordan,0.55652708,,9.22397041,78.7555666,14269772267,3559.6921,334,4.103380291
Japan,0.8161875,,8.9587822,76.9400238,,41308.9968,203,0.852965043
Kazakhstan,0.59402978,3.060719967,3.49913716,,1.09741E+11,7165.22317,1195,7.522631783
"Korea, Rep.",0.8246274,,5.78228998,87.3168703,,19143.8516,,
Kuwait,0.57171452,,2.70638752,100,,37561.7259,41,1.834892908
Lesotho,0.34088042,,8.99738979,26.5282151,766529460.1,874.72986,781,238.4596658
Lithuania,0.68839002,5.585239887,7.36587334,83.7700456,,11820.7762,17,0.678848203
Luxembourg,0.70020348,,7.33979321,91.7767818,,109419.747,0,0.913483339
Latvia,0.67645812,5.542300224,6.11926985,59.8380964,,12331.9286,11,0.709634571
"Macao SAR, China",0.64832515,2.533230066,,54.7222162,,41010.0683,,
Morocco,0.47443458,5.260640144,5.8412447,35.809673,24725387884,2866.92411,2957,74.17656441
Moldova,0.55578142,9.509759903,13.6766243,,3715120839,1899.01012,146,4.086897194
Madagascar,0.38865483,2.825129986,4.41676188,6.69241652,2846880424,467.539783,9070,494.6679625
Mexico,0.58911878,5.187940121,6.12978458,32.0685671,1.93343E+11,8002.97218,5079,16.97818836
North Macedonia,0.53777397,,6.52846384,12.764979,5246917724,4584.70983,17,3.052503676
Malta,0.68021804,5.070390224,7.9238286,91.8679747,,21083.2771,1,0.352384404
Montenegro,0.58517152,,,32.4681239,2356696743,6727.10777,4,0.61949119
Mauritius,0.60013884,3.047310114,4.2265029,,7318907628,7318.12641,13,7.722411166
Malawi,0.36382145,,8.26966286,21.4370018,1144449860,438.211857,6487,214.2773251
Malaysia,0.58434504,5.974180222,3.2610569,68.1447722,,7292.49497,295,3.064378302
Namibia,0.39370978,,9.04967022,,,4295.38714,382,98.70183973
Netherlands,0.79709911,5.43156004,9.99291134,97.4626632,,52722.2131,15,0.385283256
Norway,0.77056706,7.10337019,9.07431507,61.5929201,,79977.6971,3,0.323048189
New Zealand,0.77869129,6.288169861,9.62076378,79.3973516,,28209.3623,12,1.122731531
Oman,0.54755247,4.187739849,2.8300879,,,16823.795,36,2.727190416
Panama,0.51318192,,6.99648428,,45601302940,7576.14046,168,32.07807607
Peru,0.54535723,3.139940023,4.97619247,27.4986565,37389855105,4196.31163,2430,16.89152577
Poland,0.70144093,4.989769936,6.587708,85.0395128,,11526.0559,140,0.526981452
Portugal,0.74263841,5.563149929,10.1307039,64.4162909,,23151.2154,21,1.01924726
Paraguay,0.51060069,,5.52839279,51.886975,13941379382,3626.81864,243,20.33836031
Qatar,0.59080738,3.413150072,2.38356304,74,,59094.6592,6,2.144003886
Romania,0.59988248,4.002130032,5.27841282,60.4782586,1.13615E+11,8548.11867,774,3.076902665
Russian Federation,0.60054857,,5.64392519,57.8775687,4.06462E+11,8562.81328,,
Saudi Arabia,0.54845566,,4.29041958,45.764927,,16113.1437,132,4.446212318
Senegal,0.3897669,4.920730114,3.84157085,17.0399164,4740018540,1308.93781,4354,237.60948
Singapore,0.84718573,3.010129929,3.39853096,100,,38927.2069,17,0.365227959
Serbia,0.65112382,4.483980179,9.3397665,19.9066963,33809169779,6169.11419,29,0.495524977
Slovak Republic,0.67835772,4.006410122,7.94779444,83.8113648,,16597.2085,,
Slovenia,0.75213003,5.554969788,8.540802,45.0197816,,24792.128,2,0.311120591
Sweden,0.76211333,6.749710083,8.77037907,93.7501635,,46946.9603,7,0.399085632
Eswatini,0.31076908,6.471350193,8.63292217,,533915622,3385.85885,479,227.2863958
Seychelles,0.57453591,,3.88551354,,,9706.95606,2,4.343974047
Chad,0.28607464,2.311739922,4.44166517,8.83428815,1874374207,803.686388,13980,1030.029386
Togo,0.3679496,3.867880106,4.07617235,7.17469527,1723149567,540.608713,2279,628.3437881
Thailand,0.58498532,3.861939907,3.61939621,22.2145,80824068118,4213.00665,796,5.637564087
Timor-Leste,0.4106656,12.90347958,7.30931854,,,676.619075,,
Trinidad and Tobago,0.5505203,,5.48676443,,,14514.2406,20,6.498411286
Tunisia,0.52521431,6.528480053,5.67045975,65.7234559,22911905182,4128.46396,240,2.572980322
Turkey,0.62747639,,5.49438715,67.260423,2.7883E+11,9103.47405,1389,6.248342573
Uganda,0.34381104,,5.78845501,,2763176528,799.965896,10271,107.3304768
Ukraine,0.63258857,7.318019867,6.60771894,48.5632673,1.05306E+11,2639.39165,234,1.067911883
Uruguay,0.59090525,,7.9498806,,,9451.93245,43,4.828452473
United States,0.69150817,,16.2335033,98.0859349,,47099.9805,727,0.35669833
Vietnam,0.65664244,4.816500187,4.16906261,,32741968018,1217.26858,5308,3.892405103
South Africa,0.42533833,5.248690128,8.52350235,,80018268050,6532.73697,7254,148.3283366
Zimbabwe,0.41036552,,,28.9356419,6156585167,771.599032,5057,196.2494816
Afghanistan,0.39,3.511980057,11.8185616,,2596050086,512.012778,15721,142.0100021
Angola,0.36,2.754940033,2.71314907,,57827339857,3506.07313,7162,369.7282602
Albania,0.62,3.962090015,4.91601658,46.6988896,8516222980,4124.05539,80,1.356009824
United Arab Emirates,0.66,,3.46601534,93.8537217,,38141.8671,8,1.045706488
Argentina,0.61,5.545489788,9.00189686,51.2635409,1.81639E+11,12790.2425,526,5.173022196
Armenia,0.57,2.75812006,9.95196629,63.1367298,9855623087,3591.82805,134,7.563543127
Australia,0.8,5.276780128,9.24815178,70.3918443,,49881.7637,31,0.395517581
Austria,0.79,5.47961998,10.3522625,99.6379885,,45307.5879,5,0.394432369
Azerbaijan,0.6,2.903409958,4.03655434,23.6573678,14590007639,3880.73873,1700,18.71502521
Burundi,0.38,4.691999912,7.71920919,,602774776.7,260.565221,2697,394.6345388
Belgium,0.76,6.461730003,10.7731972,85.2973202,,42012.6227,10,0.897797304
Benin,0.41,2.899100065,2.73950028,,2258065495,1087.28733,6207,207.6609991
Burkina Faso,0.37,,5.95963097,,2863797382,688.250696,16658,367.1155504
Bangladesh,0.48,1.535539985,2.47291207,34.6717507,38480571898,1401.56464,16711,32.40745305
Bulgaria,0.68,,7.47690725,64.693055,39994027753,7569.47881,74,3.95242769
Bahrain,0.67,,4.86063528,87.5933158,,22608.4526,3,1.834889025
Bosnia and Herzegovina,0.62,,9.24976635,36.9791645,11630871770,4994.97155,6,1.191750566
Brazil,0.56,6.314040184,9.16901207,44.8839829,5.43257E+11,8710.06329,5948,31.34406623
Botswana,0.42,7.974820137,5.56052208,,2126448972,6982.91749,306,136.0857444
Canada,0.8,,11.0229607,83.1915656,,42315.6037,35,0.602044311
Switzerland,0.77,4.926459789,11.3000546,99.6359492,,83073.2801,5,1.001958429
Chile,0.67,5.342010021,8.51866722,72.7574419,,13753.5921,68,1.005310413
China,0.67,3.79362011,4.97955608,56.2405408,1.4138E+12,8094.36337,22220,5.599677705
Cote d'Ivoire,0.35,3.97232008,3.35172296,,11457186654,2013.38145,11062,195.2225156
Cameroon,0.39,2.654230118,3.72950816,,7890233642,1413.25596,9333,558.7718565
"Congo, Dem. Rep.",0.37,2.118690014,4.36603069,14.5773222,5021565632,471.318822,,
"Congo, Rep.",0.42,5.20979023,2.79067516,,4874543671,2050.99341,,
Colombia,0.59,4.477210045,7.53117037,17.716332,1.20659E+11,5870.77796,1141,12.57383006
Comoros,0.41,,4.65263557,,179966571.8,1273.05095,161,213.4031416
Costa Rica,0.62,6.893959999,7.31724358,31.5331196,25562670955,12011.2228,37,4.113640576
Cyprus,0.75,6.145410061,6.62359428,76.9083626,,24605.9208,1,0.168110269
Czech Republic,0.78,5.553730011,7.10655022,82.4552553,,18575.232,,
Germany,0.8,4.839230061,11.2356367,96.9554266,,42136.1208,43,0.421963954
Denmark,0.77,,10.1445618,90.9033805,,54663.9984,4,0.75301154
Dominican Republic,0.49,3.850500107,5.82760334,,28291425525,7280.88361,368,32.6343398
Algeria,0.52,7.344359875,6.60749578,18.5234729,5462929064,3946.45245,1017,10.71404558
Ecuador,0.6,4.362750053,7.27991486,41.8039426,35378111194,6060.09296,745,17.30843465
"Egypt, Arab Rep.",0.49,,5.36399841,63.7198589,69163941957,3519.87324,,
Spain,0.74,4.227640152,8.9523859,95.6660969,,26523.3482,27,0.562942379
Estonia,0.75,5.114459991,6.42956781,92.8895483,,18295.3429,4,0.458031006
Ethiopia,0.39,5.061510086,3.60033059,5.86648906,23396100284,717.12487,23908,249.533538
Finland,0.81,6.851530075,9.37796021,84.0998756,,43814.0265,1,0.267809407
France,0.77,,11.4716368,78.6800215,,37062.5336,38,0.850370016
Gabon,0.45,2.769999981,3.10769749,,5336059264,6984.41971,99,116.2604623
United Kingdom,0.78,5.418940067,9.87313271,98.0402869,,41499.5557,110,0.359496636
Georgia,0.61,3.593869925,7.99670744,36.4944438,16320114022,4062.16989,45,3.76950397
Ghana,0.44,4.528840065,3.46157742,11.4714583,21058602292,1971.95693,4760,101.1716097
Guinea,0.37,2.544500113,5.39708233,,2217811579,732.291512,8481,219.1235045
"Gambia, The",0.4,2.024430037,3.68266177,31.4045562,527088062,690.780493,,
Greece,0.68,,8.32109451,88.6157321,,17923.9668,18,0.141019726
Guatemala,0.46,2.944740057,6.07008219,,21129829604,4173.30167,2841,99.93737179
Guyana,0.5,4.737750053,4.01842117,,1643860201,5811.39792,29,49.4469573
"Hong Kong SAR, China",0.82,3.292649984,,85.9658004,,43731.1068,,
Honduras,0.49,5.159619808,7.69098616,48.1578315,7614296900,2326.29728,280,70.69262083
Croatia,0.72,,6.82921791,72.9769308,,12527.7399,3,0.692641046
Haiti,0.45,1.422749996,4.90023947,,2167818423,1290.38051,3639,272.3482495
Hungary,0.7,4.620490074,6.99535179,86.093358,,13107.3779,21,0.614903847
Indonesia,0.54,3.5,3.02147222,,3.18942E+11,3562.81633,11377,90.54261605
India,0.44,3.450979948,3.50430417,37.7939739,4.55502E+11,1732.55424,164659,132.6309267
Ireland,0.81,3.731739998,7.4248991,80.9958988,,62861.6391,3,0.600291223
"Iran, Islamic Rep.",0.59,3.365760088,8.57090187,,6058410416,5253.42656,,
Iraq,0.4,,3.492342,41.7197168,,4550.65864,1367,35.4604871
Iceland,0.74,7.432199955,8.09714699,76.3921889,,61987.9264,0,0.355860145
Israel,0.76,5.863269806,7.17326927,91.9352007,,37330.2618,16,0.848088138
Italy,0.77,3.815789938,8.72533035,95.7541784,,30960.7315,29,0.320519785
Jamaica,0.54,5.314610004,5.70086861,,14127210395,4843.7499,22,4.079510687
Jordan,0.56,3.452820063,7.15642214,81.4846837,27110465348,4175.3566,333,4.103380291
Japan,0.84,,10.6589165,79.8354148,,39400.7394,140,0.852965043
Kazakhstan,0.75,2.978100061,3.42235565,,1.63488E+11,7714.84184,666,7.522631783
Kenya,0.52,5.362669945,5.14090776,,21037318124,1525.23519,7548,261.8012178
Kyrgyz Republic,0.58,6.586150169,6.41248226,91.8463228,7972109924,1120.66651,,
Cambodia,0.49,,6.11648464,,10059535400,1269.5915,4143,46.61631335
Kiribati,0.48,10.09358978,9.32036781,25.3132329,,1584.73802,8,93.68164925
"Korea, Rep.",0.85,4.333099842,6.91432714,96.5161621,,29288.8704,,
Kuwait,0.58,5.847710133,4.73096323,100,,27653.1576,35,1.834892908
Lao PDR,0.45,,2.36087489,56.0063144,13535138629,2324.40092,,
Lebanon,0.54,2.123929977,7.914958,15.3328012,69509159842,7653.73363,52,4.732416872
Liberia,0.32,2.14812994,9.85343266,,952648609.9,740.914906,741,475.2689639
Sri Lanka,0.58,3.449199915,3.86425042,,46661458616,3886.2915,162,3.499915608
Lesotho,0.37,7.760749817,8.75972462,40.2744878,921472674.5,1018.93109,550,238.4596658
Lithuania,0.71,4.004310131,6.63746214,92.2959961,,15008.3132,12,0.678848203
Luxembourg,0.69,,5.19496346,96.2553682,,106899.294,0,0.913483339
Latvia,0.72,4.659530163,6.13591957,74.2663322,,14331.7516,6,0.709634571
"Macao SAR, China",0.76,3.098540068,,62.2579701,,73545.7582,,
Morocco,0.5,,5.23985195,38.059098,47614177158,2896.7222,1427,74.17656441
Moldova,0.58,5.608449936,7.53552246,,6222242082,2880.43928,87,4.086897194
Madagascar,0.37,2.687190056,5.25697422,9.07777163,2975696861,475.955557,6752,494.6679625
Mexico,0.61,4.90681982,5.55345869,47.6954101,4.24268E+11,8744.51556,3217,16.97818836
North Macedonia,0.53,,6.37943363,12.4083564,7512963880,5149.58907,18,3.052503676
Mali,0.32,3.094779968,3.77377391,17.1141387,3781657118,780.72357,12162,334.5659303
Malta,0.7,5.084459782,8.94369507,91.8679747,,25741.4461,1,0.352384404
Myanmar,0.47,1.899999976,5.11349964,60.8950592,10106905265,1136.61067,8791,95.51294603
Montenegro,0.62,,8.63302994,42.0339798,6220223867,7028.93658,2,0.61949119
Mongolia,0.63,5.18061018,4.42355633,50.0104296,24612081479,3658.3903,333,23.66324033
Mozambique,0.36,5.865039825,7.17241096,,14205408237,428.926673,7638,199.5275612
Mauritania,0.35,1.944059968,3.09649324,,5080228848,1536.85489,618,355.8089786
Mauritius,0.63,5.013599873,5.70678568,,10464134314,9681.61857,9,7.722411166
Malawi,0.41,4.748569965,10.8796663,23.2014092,1847005075,315.777987,5020,214.2773251
Malaysia,0.62,4.751920223,3.68569684,74.2848702,,9817.78709,234,3.064378302
Namibia,0.44,10.65202999,9.3223238,,,4546.98669,300,98.70183973
Niger,0.32,2.970959902,4.53239059,14.5976705,2529185629,500.214911,18946,727.5267472
Nigeria,0.34,,3.64773679,28.171198,35717779489,2176.00277,149927,668.6183332
Nicaragua,0.53,4.081140041,8.04877567,,11035455283,2107.57406,407,30.0288967
Netherlands,0.8,5.479599953,10.2942524,97.4867093,,46039.1059,9,0.385283256
Norway,0.77,8.030550003,10.5912952,63.9963724,,70460.5605,2,0.323048189
Nepal,0.49,3.903209925,5.42379808,38.9681496,4297388214,899.523581,4644,82.63559499
New Zealand,0.77,6.411789894,9.23865223,81.264409,,40080.4941,8,1.122731531
Oman,0.62,,4.35671568,,,16772.7392,49,2.727190416
Pakistan,0.39,3.002919912,2.89286923,,75039343005,1368.42696,55964,189.8016858
Panama,0.53,2.846080065,7.32181311,,89440297343,14343.9803,161,32.07807607
Peru,0.59,3.813169956,4.97274113,43.012301,69612783914,6204.99646,1442,16.89152577
Philippines,0.55,3.569999933,3.95484376,55.9297293,74742411561,3073.65469,11677,46.03081637
Papua New Guinea,0.38,,2.33063054,,19247283289,2509.62964,4897,155.6242905
Poland,0.75,4.633399963,6.53473806,89.7468097,,12447.4396,86,0.526981452
Portugal,0.78,,9.39439583,80.5111933,,19991.9725,14,1.01924726
Paraguay,0.53,,6.68209553,57.3829395,16227686956,5324.60907,160,20.33836031
West Bank and Gaza,0.55,4.982960224,,60.5341501,,3527.61382,,
Qatar,0.62,,3.24747443,94.3,,57162.968,6,2.144003886
Romania,0.6,2.979890108,5.00346899,74.9882706,96117936188,9548.5874,434,3.076902665
Russian Federation,0.73,3.760440111,5.28970242,59.8968522,5.29275E+11,8704.89841,,
Rwanda,0.37,3.436729908,6.92619371,,4318716828,744.760749,2571,208.0186929
Saudi Arabia,0.59,,5.83562946,54.2445829,,19878.7638,58,4.446212318
Sudan,0.38,,5.48409986,,21091694447,1069.83996,3947,284.1601785
Senegal,0.42,5.113090038,4.26078129,21.6630053,7534426006,1269.90329,3175,237.60948
Singapore,0.88,2.874830008,4.39192295,100,,56848.1754,12,0.365227959
Solomon Islands,0.44,,4.51225424,,263838572.3,2225.48684,108,77.86442731
Sierra Leone,0.35,3.060230017,16.5259552,12.9803448,1627108062,501.415166,4703,175.5059991
El Salvador,0.5,3.825239897,7.70530415,,16566778004,3805.99569,150,20.43434573
Serbia,0.76,3.63470006,8.4589138,18.467981,28326797868,5765.20076,18,0.495524977
South Sudan,0.3,1.543900013,,,,,6622,305.051159
Slovak Republic,0.69,3.911070108,7.11029387,82.2205951,,16512.293,,
Slovenia,0.79,4.792669773,8.4630394,65.2104522,,21678.3595,1,0.311120591
Sweden,0.8,7.618619919,10.8524036,94.6704232,,51965.1572,6,0.399085632
Eswatini,0.41,5.414669991,6.82044792,,499435854.2,3425.53196,272,227.2863958
Seychelles,0.68,4.421020031,5.18561649,,,15068.6203,2,4.343974047
Chad,0.29,2.299999952,5.05077505,9.48469886,2867303801,693.449767,13797,1030.029386
Togo,0.41,3.686490059,5.35245514,8.51642701,1216414988,803.151893,1708,628.3437881
Thailand,0.6,3.637520075,3.7540946,24.6027045,1.3922E+11,5993.30552,533,5.637564087
Tajikistan,0.53,5.763679981,7.00427723,,5181124719,807.102586,2239,113.9077672
Timor-Leste,0.43,8.078430176,6.89625216,,80907571.1,1353.75493,,
Tonga,0.51,,5.04334545,34.9742752,174411669.5,4157.87725,4,3.505027898
Trinidad and Tobago,0.61,3.971920013,6.83270836,,,16250.6287,14,6.498411286
Tunisia,0.51,7.32434988,6.60998964,75.8491085,28827327849,3924.36335,128,2.572980322
Turkey,0.63,,4.28469229,75.3295048,4.09421E+11,10894.6034,774,6.248342573
Tuvalu,0.55,,15.6099644,6.15413118,,3253.89954,0,10.19181052
Tanzania,0.4,4.101970196,3.9635036,23.1059338,19435911411,966.503017,21266,94.42589083
Uganda,0.38,2.147109985,4.9682045,,10086179673,736.559847,10091,107.3304768
Ukraine,0.65,5.00977993,7.54540205,67.2589313,1.15004E+11,2187.73051,256,1.067911883
Uruguay,0.6,4.380859852,8.67533779,,,16715.6335,28,4.828452473
United States,0.76,,16.8443241,98.311762,,58021.4005,601,0.35669833
Vietnam,0.67,4.344810009,4.51853609,,85664366987,2192.17448,3187,3.892405103
Vanuatu,0.47,,2.93130064,,293420900.7,2805.66532,33,46.94488092
Kosovo,0.56,,,,2124776280,3759.56025,,
"Yemen, Rep.",0.37,,,17.7245363,7062871731,1152.72097,,
South Africa,0.41,5.942850113,8.82142925,,1.43967E+11,5756.96574,4634,148.3283366
Zambia,0.4,3.747920036,4.47720718,,15220653707,1280.80654,4326,253.2712248
Zimbabwe,0.44,5.47262001,7.67516281,26.877909,11464935181,1464.58896,5023,196.2494816
Afghanistan,0.39348924,3.373310089,12.6208172,,2751986639,516.679862,14956,80.96308013
Angola,0.36019096,2.466880083,2.79150295,,59175902494,4095.81006,6424,178.8961074
Albania,0.62866628,3.611720085,5.01263571,47.0522899,9801454504,4531.01937,75,0.974204818
United Arab Emirates,0.67600125,,4.05959463,95.8778013,,40644.7912,7,0.7111988
Argentina,0.61736673,5.454319954,10.442255,,2.25925E+11,14613.0418,490,3.3961808
Armenia,0.58172596,2.707590103,10.3627052,64.6147907,10228295739,3914.52785,119,3.482469375
Antigua and Barbuda,0.57821697,2.448479891,4.87493944,,,15383.5764,1,4.560818391
Australia,0.78083396,5.127900124,9.26682281,71.3587568,,53934.2502,30,0.311531329
Austria,0.76867312,5.371890068,10.3846054,99.6375941,,47429.1585,5,0.474721492
Azerbaijan,0.62931216,2.473819971,3.73651457,22.787964,15300924032,4147.08972,1552,12.34645494
Burundi,0.3895748,4.762020111,7.90301847,,606820362.7,253.826354,2495,281.4156953
Belgium,0.76275975,6.425340176,10.7831259,86.1781663,,44198.4824,9,0.669157883
Benin,0.39695033,3.535589933,2.61910868,,2794440257,1136.59387,5983,170.1310425
Burkina Faso,0.37828398,5.628469944,6.02940798,,3166766916,734.996268,16823,258.4615402
Bangladesh,0.45855328,,2.43180156,35.6855658,46819123465,1563.76782,15048,15.71738082
Bulgaria,0.67027724,4.091020107,7.5206337,66.7930493,40989144704,8366.29322,73,2.279673348
Bahrain,0.66389877,2.324520111,4.74279165,88.8068552,,23742.9373,3,1.148688744
Bosnia and Herzegovina,0.61926502,,8.93797779,38.6442165,13028529320,5394.26894,5,1.348677863
Brazil,0.54572374,6.32047987,9.47124863,45.8564182,5.43E+11,9928.6759,5508,12.96020234
Botswana,0.4125165,7.099999905,6.13453388,,1741386787,7296.09214,302,88.69163901
Canada,0.80008996,,10.8353834,83.5785755,,45129.4293,33,0.486454701
Switzerland,0.76610762,4.951570034,11.480999,99.6377465,,83352.0887,5,0.967094395
Chile,0.66526514,5.419660091,9.06854153,74.3718076,,14998.8171,63,0.709886782
China,0.64709884,3.667449951,5.06592178,60.0907264,1.70452E+12,8816.9869,19614,2.316096251
Cote d'Ivoire,0.36996835,3.80347991,3.30509853,,13449134231,2111.02656,10162,124.6409063
Cameroon,0.39332068,3.154819965,3.49216461,,10073207230,1469.4475,8709,382.9127011
"Congo, Dem. Rep.",0.36452875,1.454949975,4.15646648,14.0944876,5083895442,467.074232,,
"Congo, Rep.",0.41783553,4.442969799,2.51812744,,5513707790,2169.9915,,
Colombia,0.59865385,4.535510063,7.67864275,17.8672822,1.25769E+11,6376.70672,1092,6.902050977
Comoros,0.40095013,,5.26807404,,186606215,1323.81484,149,131.1821847
Costa Rica,0.60325879,7.069809914,7.04522943,31.000458,25615909361,12225.5745,33,3.194642624
Cyprus,0.75461704,5.754169941,6.59893894,76.9920746,,26608.8751,1,0.242457813
Czech Republic,0.76451671,3.806159973,7.14152622,83.6017224,,20636.2,,
Germany,0.76377279,4.882740021,11.3293514,97.0349105,,44652.5892,38,0.269260854
Dominica,0.55173725,4.766749859,5.45470619,,299719824.9,7274.51773,2,7.467052866
Denmark,0.77083182,7.752439976,10.0396338,91.3649191,,57610.0982,4,0.748478476
Dominican Republic,0.50688028,3.920269966,5.83058023,,31155812952,7609.35328,334,23.59311456
Algeria,0.53199393,6.505380154,6.27938414,18.2945773,5706735537,4109.69822,916,6.532805453
Ecuador,0.59621954,4.614260197,7.42857885,41.8109085,41158716636,6213.50313,732,6.404549509
"Egypt, Arab Rep.",0.49251235,,5.63305616,64.5817559,84722482200,2444.29039,,
Spain,0.7361564,4.207779884,8.9569416,95.6660506,,28170.1679,25,0.437914678
Estonia,0.77412528,4.956299782,6.59183788,92.9538656,,20437.7654,4,0.375558968
Ethiopia,0.38410059,5.64951992,3.45336151,6.07435669,26169980395,768.523015,23002,182.1409954
Finland,0.814484,6.363110065,9.12670135,84.0998726,,46412.1365,1,0.138198959
France,0.75596029,5.451600075,11.3327618,78.639709,,38781.0495,34,0.433955943
"Micronesia, Fed. Sts.",0.46641678,12.41641998,12.2143879,,,3289.64212,,
Gabon,0.45638788,3.326809883,2.78068829,,6499313033,7230.43491,91,55.1556195
United Kingdom,0.77698225,5.444180012,9.80787468,98.0541284,,40857.7556,106,0.266475575
Georgia,0.60905772,3.574429989,7.05804443,35.7566929,16423920740,4357.00094,43,2.797252612
Ghana,0.44349009,3.627379894,3.35796332,11.9385729,22212841568,2074.29073,4566,90.16760674
Guinea,0.3690826,2.320339918,3.91060591,,2388386754,855.575271,8107,162.5781607
"Gambia, The",0.40329286,2.459189892,4.14472675,30.8082034,660865799.8,679.755072,,
Greece,0.69480586,3.47220993,8.10309219,89.3943852,,18582.0893,15,0.230429603
Grenada,0.54119492,3.173799992,4.65701056,,561492097.2,10152.8328,2,3.901986866
Guatemala,0.45677122,2.950099945,6.13921785,,23264893724,4454.04815,2662,56.47387052
Guyana,0.49434304,4.66478014,4.31911182,,1582078488,6124.95367,28,25.38698285
"Hong Kong SAR, China",0.82171804,3.310100079,,85.9548275,,46165.8565,,
Honduras,0.48030594,4.937019825,6.98996687,48.5590408,8741578894,2436.67164,264,47.02501531
Croatia,0.72936565,3.905669928,6.75844765,71.6935387,,13629.2896,3,0.769805766
Haiti,0.44478798,1.591189981,4.78747177,,2169815133,1369.06373,3425,227.7561814
Hungary,0.70506459,4.619729996,6.75595856,86.904568,,14623.6966,19,0.942531757
Indonesia,0.53795725,2.669980049,2.90417194,,3.53564E+11,3837.57802,10476,50.67604489
India,0.48479581,,2.93597651,39.8855121,5.11473E+11,1980.66702,146165,57.47079633
Ireland,0.81367534,3.468849897,7.06397724,82.4533029,,69774.029,3,0.4475926
"Iran, Islamic Rep.",0.5922091,3.790400028,8.42790699,,6819093933,5520.31478,,
Iraq,0.39948228,,4.19215298,42.3603371,,4985.45288,1230,10.13296281
Iceland,0.74343109,7.583859921,8.30908108,78.8112498,,72010.149,0,0.366533086
Israel,0.76306444,6.102729797,7.28954744,92.6918027,,40774.1296,15,0.641642681
Italy,0.75288039,4.044939995,8.6777401,95.7646145,,32406.7203,27,0.336489553
Jamaica,0.53927195,5.260169983,6.14843798,,14808025916,5070.0995,21,3.700060442
Jordan,0.54693019,3.228539944,7.98199606,81.6893223,30051460369,4231.51828,336,2.963449368
Japan,0.84070921,,10.65627,80.2391151,,38891.0863,126,0.659456683
Kazakhstan,0.77706039,2.750819921,3.05244446,,1.58949E+11,9247.58133,612,2.256456232
Kenya,0.54218608,5.366680145,4.1409831,,26929600434,1633.49122,7107,142.0049875
Kyrgyz Republic,0.59354621,6.026189804,6.18586302,92.0313877,8124567544,1242.76964,,
Cambodia,0.49068487,,5.72757244,,11425279074,1385.26007,3840,22.86526588
Kiribati,0.47071549,10.86316013,10.6867867,25.6797113,,1640.57121,8,61.24110777
St. Kitts and Nevis,0.57247442,,5.59630823,,,20384.7479,,
"Korea, Rep.",0.83454508,4.328239918,7.10694933,97.7370098,,31616.8434,,
Kuwait,0.56426024,6.36548996,4.65326786,100,,29759.4675,33,1.023392566
Lao PDR,0.45681542,,2.52606821,57.9302484,14696314073,2455.21156,,
Lebanon,0.52463597,2.132940054,7.7873559,15.7547538,74165438619,7819.60467,48,3.071807888
Liberia,0.31757024,2.76128006,9.09297276,,1122234392,721.085044,646,253.8738622
St. Lucia,0.58858675,3.633480072,4.65729332,,621896095.4,11034.6298,,
Sri Lanka,0.59337056,2.799249887,3.59565234,,50765545979,4077.04384,145,1.755190411
Lesotho,0.39849252,8.156889915,10.0877867,42.1465628,935953109.2,1102.94441,535,171.403533
Lithuania,0.72669524,3.812200069,6.47513723,93.3536352,,16885.4074,10,0.992428243
Luxembourg,0.69236857,3.569590092,5.25779152,96.7249851,,110193.214,0,0.811954038
Latvia,0.73835343,4.370299816,5.97031736,76.5155682,,15695.1152,6,0.550803856
"Macao SAR, China",0.76328814,2.705579996,,63.3345064,,81019.4738,,
Morocco,0.49254099,,5.23467541,38.3760378,51023139826,3035.45443,1250,37.88664136
Moldova,0.58176094,5.618440151,7.01328516,,6968633843,3509.69345,79,1.976324075
Madagascar,0.38549268,2.836420059,4.84431553,9.40730836,3382076962,515.293323,6407,326.5129242
Mexico,0.61165708,4.518219948,5.45759058,50.0587208,4.44153E+11,9287.84959,2996,9.503914499
Marshall Islands,0.40436763,,16.0777836,,,3672.57678,4,12.32334479
North Macedonia,0.53539205,,6.5939827,12.3435891,8544276017,5450.49288,14,2.044423693
Mali,0.32150519,3.789769888,3.67425632,17.8275978,4278552577,830.021515,12410,184.9031394
Malta,0.70849055,4.651629925,8.89494133,91.8679747,,28250.6978,1,0.312079098
Myanmar,0.47183251,2.087680101,5.08065748,60.8580494,10759099311,1151.11446,7987,43.13836018
Montenegro,0.62282223,,7.98255444,43.3386124,7218787357,7784.06529,2,0.381700702
Mongolia,0.61730927,4.088590145,4.0050602,51.4959185,27963178993,3687.1,335,13.61348783
Mozambique,0.35546702,5.505559921,7.75916147,,15821707639,461.415094,7154,91.87575347
Mauritania,0.37059149,,3.33722878,,5241041041,1587.61126,562,192.5863967
Mauritius,0.62326992,5.02312994,5.80943251,,15847138721,10484.9084,9,5.720142555
Malawi,0.4110617,4.031330109,10.8875599,23.4540728,2162398106,506.137294,4540,122.0553199
Malaysia,0.63257867,4.675310135,3.70413661,75.8628162,,10259.3048,220,2.041790284
Namibia,0.44507807,9.759980202,8.72573948,,,5367.11467,289,71.96466704
Niger,0.31802946,2.577159882,5.57411432,15.0104533,3055084477,517.771572,18838,556.7822709
Nigeria,0.35475317,,3.75336528,28.7353496,45780013170,1968.5654,141943,451.0302564
Nicaragua,0.50738102,4.357689857,8.33672619,,11521270259,2159.15671,387,16.01835861
Netherlands,0.8030386,5.17509985,10.1082983,97.4901066,,48675.2223,9,0.322244262
Norway,0.76853484,7.911980152,10.3158903,64.3430383,,75496.7541,2,0.237322124
Nepal,0.4981924,4.76722002,4.72173262,41.1154797,4963402939,1048.45376,4185,31.16336604
New Zealand,0.77121401,6.259739876,9.01967621,81.3007178,,42992.8953,8,0.753265348
Oman,0.61118734,5.840189934,3.97070861,,,17329.1855,45,2.223158938
Pakistan,0.39930359,2.89951992,2.90229392,,91660862634,1464.9262,53514,128.7836859
Panama,0.51394439,2.882240057,6.90812922,,93148803468,15146.4085,152,20.97869525
Peru,0.59461528,3.931309938,4.91776848,45.3975892,67603581697,6710.5076,1299,12.19101305
Philippines,0.54901558,4.400000095,3.960428,57.0956432,73098382247,3123.24564,11172,27.97171144
Palau,0.56731063,,12.0442257,,,16019.9899,1,5.600749642
Papua New Guinea,0.42477205,1.964930058,2.22970963,,17223736382,2695.24901,4884,107.6937385
Poland,0.7602222,4.558460236,6.5601325,90.1579376,,13864.6818,78,0.348686363
Portugal,0.78344017,5.015610218,9.30583763,82.7822504,,21490.4299,11,0.886800449
Paraguay,0.52750599,3.08968997,6.60703087,58.1285606,15928953800,5678.86997,158,9.805139554
West Bank and Gaza,0.571729,4.721539974,,62.0646129,,3620.36049,,
Qatar,0.63482553,2.967459917,2.977561,97.2,,59124.8673,6,1.587177449
Romania,0.59441012,3.095390081,5.1508317,77.3590166,1.14008E+11,10807.0092,412,1.600725749
Russian Federation,0.72895044,4.689909935,5.35889769,60.1932714,5.1428E+11,10720.3327,,
Rwanda,0.37691203,3.126460075,6.38999128,,5076087516,772.316989,2329,103.3173131
Saudi Arabia,0.58075303,,6.26256323,55.4559624,,20802.4663,50,2.437924296
Sudan,0.37604046,,6.05546141,,21700605590,1011.52122,3546,141.5587576
Senegal,0.42106333,4.624969959,3.99707484,22.3553081,9820214449,1361.70197,2955,178.9842723
Singapore,0.88708365,2.768260002,4.36418819,100,,61176.4564,12,0.292521055
Solomon Islands,0.43085971,,4.22589684,,376730656.2,2332.84422,101,52.06333809
Sierra Leone,0.35328621,4.635769844,9.39976025,13.2467613,1751064531,496.682295,4534,116.0351688
El Salvador,0.54498571,3.725229979,7.21280336,,17179362768,3910.2544,138,11.76246141
Serbia,0.75948548,3.710160017,8.22039318,18.2892042,31453934636,6292.54363,15,0.617062127
South Sudan,0.30591297,,8.23701382,,,,5926,265.6442301
Slovak Republic,0.68005013,3.940639973,6.77144289,82.125189,,17538.0486,,
Slovenia,0.7886883,4.780779839,8.18522835,68.0709418,,23514.0255,1,0.182326238
Sweden,0.80250996,7.568830013,10.7851,94.7855416,,53791.5087,6,0.397784926
Eswatini,0.3695409,6.138090134,6.98103666,,653829149.2,3914.41848,258,150.0917776
Seychelles,0.63055718,3.677289963,4.90735865,,,15945.2649,2,3.451866925
Chad,0.29902899,2.454819918,4.55722904,9.62576907,3123892175,665.948885,13764,828.807036
Togo,0.42079276,3.760529995,6.49387741,8.71184639,1645785104,830.745277,1600,445.4932931
Thailand,0.6168614,3.355730057,3.84309888,24.9424912,1.61647E+11,6593.81835,454,3.557358955
Tajikistan,0.5421263,5.83796978,7.2288146,,5621789479,848.67238,2162,59.0491716
Timor-Leste,0.45305189,7.106100082,6.7448473,,124522399.4,1299.49464,,
Tonga,0.51803416,,5.09755182,34.6831229,193072348.9,4513.43253,4,2.238644317
Trinidad and Tobago,0.60232681,3.561269999,6.99457884,,,16173.7401,13,4.815734385
Tunisia,0.50960952,,6.84927845,77.3491032,33500794817,3687.77746,115,1.63975811
Turkey,0.62530988,,4.17974997,76.5048176,4.56562E+11,10589.6677,702,4.172995495
Tuvalu,0.44052565,,16.7785263,6.13440276,,3574.06529,0,7.033341685
Tanzania,0.38626108,4.430510044,4.08257437,24.1449869,21418368689,1004.90659,19818,48.20256445
Uganda,0.38212579,2.263360023,4.0002389,,11672672164,746.830753,8271,83.30280131
Ukraine,0.64237851,5.412260056,7.43332481,69.6863874,1.227E+11,2638.32605,208,0.755053525
Uruguay,0.60236776,4.485839844,8.82179165,,,18690.8938,27,3.052894523
United States,0.71368325,,16.8058357,98.2992858,,60109.6557,579,0.331491594
St. Vincent and the Grenadines,0.53586459,5.73195982,4.32440805,,335439396.4,7213.02586,,
Vietnam,0.68723935,4.085539818,4.71283436,,1.0409E+11,2365.52162,2891,2.054204786
Vanuatu,0.4447504,4.533530235,2.7629149,,401420199.8,3082.47508,32,34.13135155
Samoa,0.52239424,4.183159828,5.56750727,47.7401101,443075541.6,4258.97877,6,6.92121133
Kosovo,0.56906199,,,,2504230895,4009.38099,,
"Yemen, Rep.",0.37263626,,,18.0116756,7193099658,964.264811,,
South Africa,0.42254934,6.113059998,8.72262383,,1.74921E+11,6690.93985,4371,77.98337304
Zambia,0.39117557,3.729640007,4.37697697,,22954319549,1535.19657,4065,170.367009
Zimbabwe,0.46124157,5.381060123,7.46975242,26.5768235,12510355251,1235.18903,4865,58.81724418
Afghanistan,0.40028414,3.213779926,13.2422018,,2661685957,494.17935,13770,61.83018533
Angola,0.36240539,1.821179986,2.53335953,,64446155980,2809.62609,5577,137.703651
Albania,0.63425094,3.945760012,,47.5771415,9556855649,5395.65953,65,0.876105227
United Arab Emirates,0.6730119,3.102699995,4.27504921,99.1476997,,42701.443,5,0.647198152
Argentina,0.60214472,4.802370071,9.5100708,,2.81724E+11,10056.6379,450,3.208987031
Armenia,0.5789988,2.561850071,11.3352642,67.7627958,11884488146,4604.64632,97,3.251578982
Antigua and Barbuda,0.5957039,2.822149992,4.44295979,,,17376.6497,1,4.250098255
Australia,0.77023953,,9.91078568,73.2925819,,54875.286,28,0.282237061
Austria,0.74673975,,10.4340315,99.6407665,,50114.4011,4,0.368212389
Azerbaijan,0.57776755,2.681080103,4.03829002,21.03919,15840362635,4805.75372,1316,11.29770437
Burundi,0.38617063,,7.99091434,,593889381.1,228.213589,2519,271.519768
Belgium,0.76041967,,10.6560497,87.939865,,46591.4916,8,0.611385821
Benin,0.40029073,2.965199947,2.38842916,,3877755764,1219.51551,5196,130.6139905
Burkina Faso,0.38369194,5.785480022,5.46494246,,3686905203,796.115207,16513,226.2503755
Bangladesh,0.46403643,1.326320052,2.48357606,37.6848836,57094167970,1855.74009,12316,12.6235926
Bulgaria,0.61389816,,7.12611389,70.4127472,40501402415,9879.26853,66,2.021627903
Bahrain,0.65247202,,4.01147509,91.2338182,,23551.9301,2,1.042173073
Bosnia and Herzegovina,0.57968408,,9.04909897,,13231145803,6119.76234,4,1.201029551
Belarus,0.70007819,4.97947979,5.86133957,74.1202163,40734118642,6837.71783,25,0.342875862
Brazil,0.55149794,,9.5912714,47.8493132,5.68646E+11,8897.55297,4885,11.74720727
Brunei Darussalam,0.62639135,,2.16031361,,,31085.9619,,
Bhutan,0.47529703,,3.60761595,64.6300263,2703804732,3322.86333,49,16.30617108
Botswana,0.4140285,6.91437006,6.04836559,,1565096394,7203.06422,288,79.84379488
Central African Republic,0.29163191,1.768710017,7.75300884,13.9461923,887586414.7,467.908032,3270,642.8639803
Canada,0.7975201,,10.8444777,84.36813,,46328.6718,31,0.440847836
Switzerland,0.75611514,,11.291481,99.6386257,,85334.5195,5,0.865825523
Chile,0.65160418,,9.33272362,77.1522744,,14741.7144,58,0.660752209
China,0.65310264,,5.3502779,68.0360579,2.11416E+12,10143.8382,14749,1.745208846
Cote d'Ivoire,0.37988934,3.700400114,3.29862952,,19816398560,2276.33239,8922,99.14896663
Cameroon,0.39740151,3.100500107,3.59539533,,12849396625,1533.09569,7792,320.21341
"Congo, Dem. Rep.",0.36636928,,3.53626084,13.1513344,5617843790,580.716871,,
"Congo, Rep.",0.41926572,3.898000002,2.08331084,,5379079716,2369.72949,,
Colombia,0.6043303,4.506219864,7.70943594,18.1665744,1.38625E+11,6424.97949,986,6.533727483
Comoros,0.4046883,,5.17030334,,265687364.9,1401.54231,122,103.4038883
Costa Rica,0.62863505,6.808790207,7.27393246,30.3332234,29800758229,12693.828,28,2.874488371
Cyprus,0.75552022,,7.00903225,77.0799502,,29206.0767,1,0.221728159
Czech Republic,0.75225741,,7.83470726,84.7166418,,23660.1488,,
Germany,0.75116247,,11.6972494,97.1199417,,46794.8993,34,0.230241834
Dominica,0.54474932,5.571609974,5.46006632,,282940980,8516.28004,2,7.458843905
Denmark,0.75509483,,9.95583057,91.8892027,,59775.7351,3,0.674520481
Dominican Republic,0.50276691,4.042769909,5.929142,,38396262855,8282.11713,277,22.13904825
Algeria,0.53455645,6.100359917,6.24337101,17.8390633,5492302707,3989.66828,766,5.933688314
Ecuador,0.59425485,4.225659847,7.81824684,41.6989867,51883469836,6222.52465,634,6.322306413
"Egypt, Arab Rep.",0.49437466,,4.73997355,66.3248608,1.1508E+11,3019.09228,,
Spain,0.72825503,,9.13213158,95.6654989,,29554.4905,22,0.374030779
Estonia,0.7772032,,6.7304492,93.0613218,,23397.8783,3,0.31410514
Ethiopia,0.38278484,,3.23808599,6.48069331,28374718501,855.760885,19592,150.7167985
Finland,0.79600102,,9.15348339,84.0998656,,48628.6418,1,0.135770701
Fiji,0.50857329,5.067880154,3.81607008,,1344060627,6175.89065,46,28.68335486
France,0.76273721,,11.0574722,78.5891169,,40578.6443,31,0.416830647
"Micronesia, Fed. Sts.",0.50596654,,11.4420805,,,3585.39245,,
Gabon,0.45761245,2.767829895,2.76836205,,7198927676,7766.99655,78,45.01735165
United Kingdom,0.78294295,,10.154027,98.0815374,,43070.4984,99,0.241687439
Georgia,0.5689258,3.808640003,6.65744257,34.7222758,18756971467,4697.98365,37,2.466477942
Ghana,0.4500564,,3.41858864,12.8655453,26738836502,2246.62558,3601,67.6379609
Guinea,0.37094247,1.848369956,3.98389959,,2999682895,1058.14337,7290,130.2982047
"Gambia, The",0.42157063,2.875299931,3.82171082,29.5908716,712541774.6,772.045914,,
Greece,0.69000649,,7.83788586,90.945855,,19133.7578,12,0.18817818
Grenada,0.56507051,,4.96524,,525667644.2,10827.4353,2,3.419665311
Guatemala,0.46127009,3.199280024,6.21161032,,25034633159,4638.63494,2401,48.88572609
Guyana,0.49522647,,4.93048668,,1530459138,6609.51128,26,23.59726918
"Hong Kong SAR, China",0.81275654,3.810600042,,85.9328816,,48354.4734,,
Honduras,0.48102313,4.912849903,7.2839179,49.317481,9744777320,2556.45689,239,41.97123216
Croatia,0.70969397,,6.97861767,69.0896515,,15311.7669,3,0.639788759
Haiti,0.44656491,,4.72808981,,2213887989,1312.77064,3183,204.1135337
Hungary,0.68308729,,6.35002232,87.7511014,,16735.6598,16,0.720815955
Indonesia,0.54003847,2.841850042,2.90493584,,4.02106E+11,4135.20153,9016,45.46947126
India,0.4935109,,3.0141468,43.9042902,5.60871E+11,2100.75146,128512,47.24460057
Ireland,0.79259902,,6.67931509,82.7771201,,80886.6157,3,0.387531039
"Iran, Islamic Rep.",0.59340447,3.663199902,6.71061659,,4855393068,3114.62275,,
Iraq,0.40764329,,4.47671509,43.1273041,,5980.62692,1017,8.174963847
Iceland,0.74528188,,8.63868046,83.6880344,,68941.4622,0,0.314953889
Israel,0.73399532,,7.46131897,94.2053481,,43951.2477,13,0.53699251
Italy,0.72781968,,8.66856861,95.7770329,,33641.6338,23,0.292293417
Jamaica,0.53497791,5.163640022,6.09748316,,18576584889,5369.49837,19,3.417798746
Jordan,0.55317438,2.988470078,7.58246946,82.0836698,33481611279,4405.48711,304,2.73760489
Japan,0.80471426,,10.7437248,81.0337946,,40777.6087,113,0.601210876
Kazakhstan,0.62850642,2.856970072,2.78745675,,1.58958E+11,9812.59581,565,2.196964311
Kenya,0.54675251,4.97439003,4.59182692,,34941393888,1912.64787,6307,122.3104484
Kyrgyz Republic,0.5966171,5.366749763,4.49454117,92.3886769,8448338537,1374.0321,,
Cambodia,0.49158987,,6.98908329,,15329443357,1643.12139,3347,18.31475656
Kiribati,0.49259293,12.39466,10.2641439,26.3552741,,1601.86187,7,53.33530028
St. Kitts and Nevis,0.58618164,,5.39632845,,,22046.6899,,
"Korea, Rep.",0.79877627,,8.1641655,99.9422626,,31902.4169,,
Kuwait,0.56258804,6.49243021,5.49601221,100,,32373.2511,31,0.900290302
Lao PDR,0.45666534,,2.59852362,61.3614464,16701083151,2635.80002,,
Lebanon,0.51512551,2.592020035,8.64661503,16.5343255,73893126217,7578.17237,40,2.73888794
Liberia,0.31901422,2.270390034,8.47005749,,1296390617,672.340499,563,214.8689487
St. Lucia,0.60256475,3.264879942,4.32460737,,638927013.2,11591.0805,,
Sri Lanka,0.5983243,,4.07979679,,56117855647,3852.2656,118,1.480363825
Lesotho,0.40039259,7.800149918,11.2694635,45.8204005,935870653,1113.37214,528,161.5737673
Lithuania,0.70604795,,7.00600433,93.9154226,,19575.7685,8,0.758992733
Luxembourg,0.68614614,,5.37075996,96.7653382,,113218.713,0,0.718790453
Latvia,0.70658141,,6.57814217,81.0865361,,17926.8416,5,0.468054372
"Macao SAR, China",0.79567158,3.061460018,,65.4875789,,86197.3657,,
Morocco,0.50411636,,5.30845118,39.0063091,55058242774,3235.00066,951,30.48039125
Moldova,0.58415353,6.104579926,6.3779459,,7523711270,4491.68883,66,1.770908173
Madagascar,0.39199102,2.944900036,3.68728375,10.0579167,4065354125,522.989524,5732,278.4952425
Mexico,0.61294985,,5.43305254,54.8817225,4.72378E+11,9950.45008,2716,9.152461242
Marshall Islands,0.42339814,9.611289978,16.3414002,,,4073.10983,4,11.51601434
North Macedonia,0.55734921,,7.25409985,12.1844035,8986250458,6070.38805,10,1.82894846
Mali,0.31826958,3.438679934,3.89389849,19.2290377,5104405565,879.043187,11744,159.290565
Malta,0.7092483,,8.21444321,91.8679747,,30186.196,1,0.27354532
Myanmar,0.47765201,1.974210024,4.67856407,60.7676663,11119585996,1271.11157,6606,35.33920148
Montenegro,0.63318181,,8.32983208,45.6269883,8339382594,8910.65083,1,0.348579801
Mongolia,0.61439753,4.940889835,3.76607823,54.5295235,31649904770,4404.84583,286,11.61122829
Mozambique,0.36211666,6.229990005,7.83351135,,20110335953,506.641639,7372,82.87813273
Mauritania,0.38154608,1.893730044,3.30329728,,5369750057,1743.3029,467,154.7660006
Mauritius,0.62185925,4.719299793,6.19943714,,18162452893,11097.169,8,5.323162817
Malawi,0.41324064,3.711319923,7.39341164,23.9589321,2428679899,591.84639,4104,103.5989271
Malaysia,0.61097616,4.16339016,3.82514191,,,11432.823,194,1.978703396
Namibia,0.44643754,9.480409622,8.49700546,,,5009.6859,262,64.03986726
Niger,0.31568518,3.523169994,5.6686306,15.8086138,3608754288,554.099389,17390,473.4385027
Nigeria,0.36060983,,3.02666044,29.9045147,60047046402,2229.85865,129444,395.4309945
Nicaragua,0.50809824,3.442830086,8.4039259,,11680507308,1926.69969,329,14.1949337
Netherlands,0.78991503,,10.130311,97.496943,,52476.2733,9,0.294188091
Norway,0.77105117,,10.5213471,65.038926,,75719.7529,2,0.205875013
Nepal,0.50460178,,4.44515085,45.5167791,6513481342,1194.95688,3441,23.71463433
Nauru,0.50841212,,9.78171635,,,11029.7356,1,9.986600232
New Zealand,0.77593243,,9.74117661,81.3700305,,42755.2163,8,0.67984575
Oman,0.60811627,5.413209915,4.07190228,,,17700.7035,37,1.991356768
Pakistan,0.40607002,2.507550001,3.37992716,,1.07901E+11,1288.55632,46646,106.0669588
Panama,0.50160199,3.127360106,7.58405781,,1.07416E+11,15774.2549,141,18.84450801
Peru,0.60519266,3.819960117,5.21506882,50.2963387,64247279473,7027.61221,1115,12.39160496
Philippines,0.51596212,3.234369993,4.07676649,59.4503465,83617256190,3485.34084,9617,23.11670573
Palau,0.58811349,,15.1504889,,,15232.4871,1,5.355092493
Papua New Guinea,0.429185,,2.30036092,,18744676569,2820.3064,4798,95.05024404
Poland,0.75308859,,6.44682503,90.4848463,,15732.2031,65,0.293266535
Portugal,0.76894957,,9.53145981,84.9582301,,23330.8173,9,0.69820063
Paraguay,0.52818006,3.469710112,7.17281008,59.5201253,16387629382,5380.96332,143,10.2325891
West Bank and Gaza,0.57999665,,,65.1445792,,3656.85827,,
Qatar,0.63777161,2.812289953,2.9106288,97.2,,62276.4287,5,1.448657679
Romania,0.58418787,,5.74447823,82.3387254,1.18298E+11,12899.3461,364,1.395708656
Russian Federation,0.68141961,,5.64849138,60.6542156,4.8424E+11,11497.6492,,
Rwanda,0.37955275,3.355459929,6.41066742,,6514940152,820.149289,2076,87.35776312
Saudi Arabia,0.5763905,,5.68828773,57.8488723,,23139.798,39,2.152426564
Sudan,0.37744519,,4.57356596,,22264288833,610.927862,2912,97.2136223
Senegal,0.42011079,5.287199974,4.13226938,23.7642694,15138559758,1430.14826,2359,139.5008413
Singapore,0.87912571,2.631969929,4.08152914,100,,65640.7079,10,0.251820112
Solomon Islands,0.41987261,,4.77362394,,350464708.8,2344.04898,92,43.37393058
Sierra Leone,0.3627021,7.365429878,8.74976635,13.7817518,1853041457,521.754837,4200,98.31274522
El Salvador,0.54617661,3.385159969,7.16578436,,17379449892,4167.73094,120,10.8363614
Serbia,0.67660636,3.619220018,8.67206478,18.2294872,32560157793,7417.20365,13,0.553232861
South Sudan,0.30652085,,6.04213858,,,,5373,227.6467742
Slovak Republic,0.66498733,,6.9586463,81.9309882,,19303.5457,,
Slovenia,0.77498698,,8.52386475,70.3891117,,25942.9548,1,0.157349517
Sweden,0.79535711,,10.8674927,94.9178177,,51939.4297,5,0.328082524
Eswatini,0.37250081,5.645549774,6.78069067,,630306421.4,3915.64347,237,136.4519458
Seychelles,0.63277906,3.914589882,5.1902914,,,16213.4808,2,3.168256587
Chad,0.29978278,2.372459888,4.3536315,9.95113583,3313206994,709.540043,13750,751.9146754
Togo,0.43186805,4.969379902,5.72606897,9.10383417,2010066450,893.352454,1386,375.9976131
Thailand,0.60931098,2.968980074,3.78912091,25.607814,1.79773E+11,7817.00967,370,3.271396485
Tajikistan,0.50411636,5.712900162,7.10529375,,6642228624,890.544402,1965,54.29543855
Timor-Leste,0.45431453,,7.15850592,,203400669.6,1583.71358,,
Tonga,0.53112066,7.959630013,4.98149967,34.0954474,186483847.2,4903.01214,3,2.128816264
Trinidad and Tobago,0.60348773,3.561239958,7.02007389,,,16637.1629,12,4.585429429
Tunisia,0.51680994,,6.95845938,79.6179906,39380531675,3574.65402,92,1.479775929
Turkey,0.64926183,,4.34409809,78.0622717,4.40773E+11,9121.51517,597,3.804162189
Tuvalu,0.44757712,,23.961813,,,4055.89561,0,6.464662994
Tanzania,0.3898347,3.534980059,3.82769322,26.2382776,24163852053,1085.88486,16979,35.46248107
Uganda,0.38417658,2.649810076,3.82522416,,13971124696,798.585734,6886,63.36863997
Ukraine,0.63138711,5.439650059,7.09860182,71.9773377,1.23921E+11,3661.4562,173,0.707219414
Uruguay,0.59876025,4.683320045,9.34783173,,,17688.015,24,2.792617375
United States,0.70176435,,16.7670631,98.2752227,,65279.529,538,0.31584235
Uzbekistan,0.62280571,7.001860142,5.61760426,,22406619848,1784.00982,6475,3.269723488
St. Vincent and the Grenadines,0.53334183,,4.75291252,,351677245,7460.15336,,
Vietnam,0.68996453,4.061970234,5.24965572,,1.17337E+11,2715.27598,2356,1.750629053
Vanuatu,0.45465854,1.78587997,3.36034679,,441265525.7,3116.29776,29,29.96626833
Samoa,0.54842168,4.706250191,6.36309385,47.6987883,408555300.1,4322.86846,5,5.16217374
Kosovo,0.56733173,,,,2428181898,4416.10836,,
"Yemen, Rep.",0.37278441,,,18.5684619,7055218066,,,
South Africa,0.42545339,6.505050182,9.10935497,,1.85357E+11,6624.76186,3952,71.93727586
Zambia,0.39692754,4.46517992,5.31220293,,27726254063,1305.00103,3559,133.1403096
Zimbabwe,0.46689311,,7.70356494,25.9635438,12244515424,1316.74066,4590,50.58232135
